Location,Height,Percent Difference,Error,GrainType,SSA_mCT,SSA_IC,Method,Air Temp,Snow Temp,Moisture,zscore
baconrind1,1.0,14.616692963297577,110.81836922335195,PP,7.581630776648054,118.4,compacted,-4.7,-2.4,D,9.5616346535949
baconrind1,1.0,11.226920926500721,85.11836922335195,PP,7.581630776648054,92.7,mixed,-4.7,,D,7.140933634513698
baconrind1,0.9444444444444444,0.5104298341620829,2.9062565334119705,MF,5.693743466588029,8.6,normal,-4.7,,D,-0.7805043306508629
baconrind1,0.8888888888888888,-0.18128278836973752,1.2621108717745555,MF,6.962110871774556,5.7,normal,-4.7,-2.0,D,-1.0536573639323994
baconrind1,0.8333333333333334,-0.25352790052462376,1.8000644280273335,MF,7.100064428027333,5.3,normal,-4.7,,D,-1.091333644385025
baconrind1,0.7222222222222222,-0.2708460721287504,2.0801341746167212,MF,7.680134174616721,5.6,normal,-4.7,-0.2,M,-1.0630764340455559
baconrind1,0.6666666666666666,0.19095102395198185,1.4109471984846218,MF,7.389052801515379,8.8,normal,-4.7,-0.2,M,-0.76166619042455
baconrind1,0.6111111111111112,-0.40989051535526083,2.98678340526709,MF,7.28678340526709,4.3,shaved,-4.7,-0.2,M,-1.1855243455165894
baconrind1,0.5555555555555556,-0.05260583831803135,0.4164515714185706,MF,7.916451571418571,7.5,shaved,-4.7,-0.2,M,-0.8841141018955836
baconrind1,0.5,0.1961733626573269,1.3940066169697571,MF,7.105993383030243,8.5,shaved,-4.7,-0.1,M,-0.7899234007640192
baconrind1,0.4444444444444444,-0.27455441079408643,1.8923156669449108,MF,6.892315666944911,5.0,shaved,-4.7,-0.1,M,-1.1195908547244944
baconrind1,0.3888888888888889,-0.17981211627823418,1.2715504521736474,MF,7.071550452173647,5.8,shaved,-4.7,-0.1,M,-1.044238293819243
baconrind1,0.3333333333333333,-0.21000970807606253,1.4621108717745557,MF,6.962110871774556,5.5,shaved,-4.7,-0.1,M,-1.0724955041587123
baconrind1,0.2777777777777778,-0.01646429403399257,0.09374346658802946,MF,5.693743466588029,5.6,shaved,-4.7,-0.1,M,-1.0630764340455559
baconrind1,0.2222222222222222,-0.19816775861557545,1.3592901558857626,MF,6.859290155885763,5.5,shaved,-4.7,-0.1,M,-1.0724955041587123
baconrind1,0.16666666666666666,-0.4469496814682569,3.8791379358449776,MF,8.679137935844977,4.8,shaved,-4.7,-0.1,M,-1.1384289949508073
baconrind1,0.1111111111111111,-0.36689082581226046,2.781630776648054,MF,7.581630776648054,4.8,shaved,-4.7,-0.1,M,-1.1384289949508073
berthoud1,1.0,1.1964627942295418,27.399543806457306,DF,22.90045619354269,50.3,normal,-9.8,-8.9,D,3.1472479065353696
berthoud1,1.0,1.152795541859173,26.399543806457306,DF,22.90045619354269,49.3,normal,-9.8,-8.9,D,3.053057205403805
berthoud1,1.0,1.1134950147258416,25.499543806457307,DF,22.90045619354269,48.4,normal,-9.8,-8.9,D,2.9682855743853973
berthoud1,0.984,0.2952175389317672,4.490199786633829,MFcr,15.20980021336617,19.7,stacked,-9.8,,D,0.2650124519095011
berthoud1,0.984,0.3741140387651743,5.690199786633828,MFcr,15.20980021336617,20.9,stacked,-9.8,,D,0.3780412932673783
berthoud1,0.968,1.6013444194593074,19.575551840763296,FCxr<1,12.224448159236703,31.8,normal,-9.8,,D,1.4047199356014297
berthoud1,0.968,1.3477542402038403,16.475551840763295,FCxr<1,12.224448159236703,28.7,normal,-9.8,,D,1.1127287620935802
berthoud1,0.968,1.1023443893114528,13.475551840763297,FCxr<1,12.224448159236703,25.7,normal,-9.8,,D,0.8301566586988871
berthoud1,0.952,1.9807630089780799,21.596751435082304,FCxr<1,10.903248564917694,32.5,normal,-9.8,,D,1.4706534263935247
berthoud1,0.952,1.9532482735105903,21.296751435082307,FCxr<1,10.903248564917694,32.2,normal,-9.8,,D,1.4423962160540555
berthoud1,0.952,1.8707040671081203,20.396751435082308,FCxr<1,10.903248564917694,31.3,normal,-9.8,,D,1.3576245850356474
berthoud1,0.936,0.6950923349748331,14.270144910709732,FCxr<1,20.529855089290265,34.8,normal,-9.8,,D,1.6872920389961223
berthoud1,0.936,0.6609956500759143,13.570144910709736,FCxr<1,20.529855089290265,34.1,normal,-9.8,,D,1.6213585482040276
berthoud1,0.936,0.5928022802780762,12.170144910709737,FCxr<1,20.529855089290265,32.7,normal,-9.8,,D,1.4894915666198378
berthoud1,0.92,0.5812060885271089,12.607697997829998,FCxr<1,21.69230200217,34.3,normal,-9.8,-7.6,D,1.64019668843034
berthoud1,0.92,0.6226954611123686,13.507697997830004,FCxr<1,21.69230200217,35.2,normal,-9.8,-7.6,D,1.7249683194487486
berthoud1,0.92,0.6042557399633641,13.107697997829998,FCxr<1,21.69230200217,34.8,normal,-9.8,-7.6,D,1.6872920389961223
berthoud1,0.904,0.46779174021922565,9.816096660007236,FCxr<1,20.983903339992764,30.8,normal,-9.8,,D,1.3105292344698654
berthoud1,0.904,0.47732285541545433,10.016096660007236,FCxr<1,20.983903339992764,31.0,normal,-9.8,,D,1.329367374696178
berthoud1,0.904,0.4058394914437388,8.516096660007236,FCxr<1,20.983903339992764,29.5,normal,-9.8,,D,1.1880813229988316
berthoud1,0.888,0.28499804034889736,6.077010283563961,FCxr<1,21.322989716436037,27.4,normal,-9.8,,D,0.9902808506225464
berthoud1,0.888,0.41631170870571904,8.877010283563962,FCxr<1,21.322989716436037,30.2,normal,-9.8,,D,1.2540148137909266
berthoud1,0.888,0.25685939712957856,5.477010283563963,FCxr<1,21.322989716436037,26.8,normal,-9.8,,D,0.933766429943608
berthoud1,0.872,0.27649591056700734,5.6967220871723825,FCxr<1,20.603277912827618,26.3,normal,-9.8,,D,0.8866710793778259
berthoud1,0.872,0.2036919612951248,4.1967220871723825,FCxr<1,20.603277912827618,24.8,normal,-9.8,,D,0.7453850276804793
berthoud1,0.872,0.2085455579132502,4.29672208717238,FCxr<1,20.603277912827618,24.9,normal,-9.8,,D,0.7548040977936356
berthoud1,0.856,0.366258143239148,6.835884345000743,FCxr<1,18.664115654999257,25.5,normal,-9.8,,D,0.8113185184725743
berthoud1,0.856,0.33946876788151764,6.335884345000743,FCxr<1,18.664115654999257,25.0,normal,-9.8,,D,0.7642231679067921
berthoud1,0.856,0.3126793925238873,5.835884345000743,FCxr<1,18.664115654999257,24.5,normal,-9.8,,D,0.7171278173410099
berthoud1,0.84,0.14160732567433612,2.5800748714417665,FCxr,18.219925128558234,20.8,normal,-9.8,,D,0.36862222315422205
berthoud1,0.84,0.08123386133578943,1.480074871441765,FCxr,18.219925128558234,19.7,normal,-9.8,,D,0.2650124519095011
berthoud1,0.84,0.21295778352898218,3.880074871441767,FCxr,18.219925128558234,22.1,normal,-9.8,,D,0.4910701346252557
berthoud1,0.824,0.07131369675589104,1.2714218180558596,FCxr,17.828578181944142,19.1,normal,-9.8,,D,0.20849803123056274
berthoud1,0.824,0.04326883558427085,0.7714218180558596,FCxr,17.828578181944142,18.6,normal,-9.8,,D,0.16140268066478058
berthoud1,0.824,0.1610572525050755,2.8714218180558575,FCxr,17.828578181944142,20.7,normal,-9.8,,D,0.3592031530410655
berthoud1,0.808,-0.002656023908047365,0.046337890545160576,FCxr,17.44633789054516,17.4,normal,-9.8,,D,0.048373839306903116
berthoud1,0.808,0.07185818120227098,1.2536621094548401,FCxr,17.44633789054516,18.7,normal,-9.8,,D,0.17082175077793682
berthoud1,0.808,0.037467009612893426,0.6536621094548423,FCxr,17.44633789054516,18.1,normal,-9.8,,D,0.11430733009899842
berthoud1,0.792,0.03328294067800885,0.5540269340807242,FCxr,16.645973065919275,17.2,normal,-9.8,,D,0.029535699080590318
berthoud1,0.792,0.06932769442259064,1.1540269340807257,FCxr,16.645973065919275,17.8,normal,-9.8,,D,0.08605011975952905
berthoud1,0.792,0.05130531755029974,0.8540269340807249,FCxr,16.645973065919275,17.5,normal,-9.8,,D,0.057792909420059685
berthoud1,0.776,0.13885080340166372,2.158016847218793,FCxr,15.541983152781206,17.7,normal,-9.8,,D,0.07663104964637248
berthoud1,0.776,0.05520639411227593,0.8580168472187921,FCxr,15.541983152781206,16.4,normal,-9.8,,D,-0.045816861824661215
berthoud1,0.76,0.04039013359949988,0.590095975428321,FCxr,14.609904024571678,15.2,normal,-9.8,-5.8,D,-0.15884570318253835
berthoud1,0.76,0.04723480553107563,0.6900959754283225,FCxr,14.609904024571678,15.3,normal,-9.8,-5.8,D,-0.14942663306938178
berthoud1,0.744,-0.0004999852677259986,0.006953271754831292,FCxr,13.906953271754832,13.9,normal,-9.8,,D,-0.2812936146535719
berthoud1,0.744,-0.058025165971741816,0.806953271754832,FCxr,13.906953271754832,13.1,normal,-9.8,,D,-0.3566461755588234
berthoud1,0.728,0.022646662218659443,0.31003207928472243,FCxr,13.689967920715278,14.0,normal,-9.8,,D,-0.2718745445404155
berthoud1,0.728,0.08108361434544004,1.1100320792847231,FCxr,13.689967920715278,14.8,normal,-9.8,,D,-0.19652198363516393
berthoud1,0.712,0.10367019551041189,1.4371630200412877,FCxr,13.862836979958713,15.3,normal,-9.8,,D,-0.14942663306938178
berthoud1,0.712,0.1253107875792434,1.7371630200412866,FCxr,13.862836979958713,15.6,normal,-9.8,,D,-0.12116942272991257
berthoud1,0.696,0.46829277845484735,5.166778126466022,FCxr,11.033221873533977,16.2,normal,-9.8,,D,-0.06465500205097402
berthoud1,0.696,0.359530350421155,3.966778126466023,FCxr,11.033221873533977,15.0,normal,-9.8,,D,-0.17768384340885116
berthoud1,0.68,0.4887126672327087,5.153975676055795,FCxr,10.546024323944204,15.7,normal,-9.8,-4.2,D,-0.11175035261675619
berthoud1,0.68,0.39389020435164446,4.153975676055795,FCxr,10.546024323944204,14.7,normal,-9.8,-4.2,D,-0.2059410537483205
berthoud1,0.664,0.4825181222931041,5.142457429416684,FCxr,10.657542570583317,15.8,normal,-9.8,,D,-0.10233128250359962
berthoud1,0.664,0.4825181222931041,5.142457429416684,FCxr,10.657542570583317,15.8,normal,-9.8,,D,-0.10233128250359962
berthoud1,0.648,0.17467117093148066,2.394036664547441,FCxr,13.70596333545256,16.1,normal,-9.8,,D,-0.07407407216413024
berthoud1,0.648,0.10900632286698779,1.4940366645474388,FCxr,13.70596333545256,15.2,normal,-9.8,,D,-0.15884570318253835
berthoud1,0.632,0.0802309870365304,1.114080988224103,FCxr,13.885919011775897,15.0,normal,-9.8,,D,-0.17768384340885116
berthoud1,0.632,0.03702174755506921,0.5140809882241033,FCxr,13.885919011775897,14.4,normal,-9.8,,D,-0.2341982640877897
berthoud1,0.616,0.2550690497790435,3.129758770873053,RG,12.270241229126947,15.4,normal,-9.8,,D,-0.14000756295622538
berthoud1,0.616,0.2713686478281219,3.3297587708730525,RG,12.270241229126947,15.6,normal,-9.8,,D,-0.12116942272991257
berthoud1,0.6,0.14919446757503738,2.038256541445751,RG,13.661743458554248,15.7,normal,-9.8,-3.4,D,-0.11175035261675619
berthoud1,0.6,0.17847330751325505,2.438256541445753,RG,13.661743458554248,16.1,normal,-9.8,-3.4,D,-0.07407407216413024
berthoud1,0.584,0.025988096489902135,0.36728242792755417,RG,14.132717572072446,14.5,normal,-9.8,,D,-0.2247791939746333
berthoud1,0.584,0.1533521360541659,2.167282427927555,RG,14.132717572072446,16.3,normal,-9.8,,D,-0.055235931937817444
berthoud1,0.568,0.05517301525855581,0.8052370774223796,RG,14.59476292257762,15.4,normal,-9.8,,D,-0.14000756295622538
berthoud1,0.568,0.13054251634845263,1.9052370774223792,RG,14.59476292257762,16.5,normal,-9.8,,D,-0.036397791711504646
berthoud1,0.552,0.20110323130870955,2.762629580954693,RG,13.737370419045307,16.5,normal,-9.8,,D,-0.036397791711504646
berthoud1,0.552,0.12102968255479561,1.6626295809546932,RG,13.737370419045307,15.4,normal,-9.8,,D,-0.14000756295622538
berthoud1,0.536,0.18747528314031556,2.5260353397103987,RG,13.473964660289601,16.0,normal,-9.8,,D,-0.08349314227728681
berthoud1,0.536,0.03161915222814917,0.4260353397103991,RG,13.473964660289601,13.9,normal,-9.8,,D,-0.2812936146535719
berthoud1,0.536,0.335909693532855,4.526035339710399,RG,13.473964660289601,18.0,normal,-9.8,,D,0.10488825998584185
berthoud1,0.512,0.09246095119219758,1.2610685729867974,RG,13.638931427013203,14.9,shaved,-9.8,-3.3,D,-0.18710291352200753
berthoud1,0.512,0.129120714655023,1.7610685729867974,RG,13.638931427013203,15.4,shaved,-9.8,-3.3,D,-0.14000756295622538
berthoud1,0.496,0.04265354255229626,0.5849936087156618,RG,13.715006391284339,14.3,shaved,-9.8,,D,-0.2436173342009461
berthoud1,0.496,0.10098381066710996,1.3849936087156607,RG,13.715006391284339,15.1,shaved,-9.8,,D,-0.16826477329569475
berthoud1,0.48,0.20137737304879716,2.2293736519708993,RG,11.070626348029101,13.3,shaved,-9.8,,D,-0.3378080353325104
berthoud1,0.464,-0.007180140485661992,0.10631139589699856,RG,14.806311395896998,14.7,shaved,-9.8,,D,-0.2059410537483205
berthoud1,0.464,-0.013934017080997601,0.2063113958969982,RG,14.806311395896998,14.6,shaved,-9.8,,D,-0.2153601238614769
berthoud1,0.448,-0.04935373683222982,0.7372069824188454,RG,14.937206982418845,14.2,shaved,-9.8,-2.7,D,-0.2530364043141027
berthoud1,0.448,0.017593183109162448,0.2627930175811546,RG,14.937206982418845,15.2,shaved,-9.8,-2.7,D,-0.15884570318253835
berthoud1,0.432,0.2728293235699638,2.807968101129365,RG,10.292031898870635,13.1,shaved,-9.8,-2.7,D,-0.3566461755588234
berthoud1,0.432,0.2533968148131705,2.607968101129366,RG,10.292031898870635,12.9,shaved,-9.8,-2.7,D,-0.3754843157851362
berthoud1,0.416,0.16958256702586727,2.1749114402897476,RG,12.825088559710252,15.0,shaved,-9.8,,D,-0.17768384340885116
berthoud1,0.416,0.2709463895014425,3.4749114402897483,RG,12.825088559710252,16.3,shaved,-9.8,,D,-0.055235931937817444
berthoud1,0.416,0.0448270932097748,0.5749114402897479,RG,12.825088559710252,13.4,shaved,-9.8,,D,-0.328388965219354
berthoud1,0.4,-0.08003840310238074,1.2354269220438887,RG,15.435426922043888,14.2,normal,-9.8,,D,-0.2530364043141027
berthoud1,0.4,-0.07355980030732699,1.1354269220438873,RG,15.435426922043888,14.3,normal,-9.8,,D,-0.2436173342009461
berthoud1,0.368,0.1577528600886758,1.9757381304250021,RG,12.524261869574998,14.5,normal,-9.8,-2.6,D,-0.2247791939746333
berthoud1,0.368,0.1577528600886758,1.9757381304250021,RG,12.524261869574998,14.5,normal,-9.8,-2.6,D,-0.2247791939746333
berthoud1,0.336,0.29185416351359494,2.9143527308729027,RG,9.985647269127098,12.9,normal,-9.8,,D,-0.3754843157851362
berthoud1,0.336,0.3519404036770179,3.5143527308729023,RG,9.985647269127098,13.5,normal,-9.8,,D,-0.31896989510619767
berthoud1,0.32,0.16166253209377388,1.5864787018199635,RG,9.813521298180037,11.4,normal,-9.8,,D,-0.5167703674824827
berthoud1,0.32,0.2635627542072628,2.5864787018199635,RG,9.813521298180037,12.4,normal,-9.8,,D,-0.42257966635091837
berthoud1,0.304,0.08377386233505775,0.8425513210705446,FC,10.057448678929456,10.9,normal,-9.8,,D,-0.5638657180482649
berthoud1,0.304,0.11360250074794914,1.1425513210705436,FC,10.057448678929456,11.2,normal,-9.8,,D,-0.5356085077087956
berthoud1,0.288,-0.10445207613776915,1.049713432627577,FC,10.049713432627577,9.0,normal,-9.8,-1.7,D,-0.7428280501982372
berthoud1,0.288,0.08460804112203518,0.8502865673724234,FC,10.049713432627577,10.9,normal,-9.8,-1.7,D,-0.5638657180482649
berthoud1,0.272,-0.04401071026914914,0.4787829651606401,FC,10.87878296516064,10.4,normal,-9.8,-1.7,D,-0.610961068614047
berthoud1,0.272,-0.01643409614229777,0.17878296516064118,FC,10.87878296516064,10.7,normal,-9.8,-1.7,D,-0.5827038582745778
berthoud1,0.256,0.0045369018277498585,0.04606739539269178,FC,10.153932604607308,10.2,normal,-9.8,,D,-0.62979920884036
berthoud1,0.256,0.06362730781761765,0.6460673953926932,FC,10.153932604607308,10.8,normal,-9.8,,D,-0.5732847881614213
berthoud1,0.24,-0.11119117426689737,1.1759525871570204,MFcr,10.57595258715702,9.4,stacked,-9.8,,D,-0.7051517697456113
berthoud1,0.24,-0.1206465873066112,1.27595258715702,MFcr,10.57595258715702,9.3,stacked,-9.8,,D,-0.7145708398587678
berthoud1,0.224,-0.36403050742830223,4.922661228958958,DH,13.522661228958958,8.6,normal,-9.8,,D,-0.7805043306508629
berthoud1,0.224,-0.4084004720263276,5.522661228958958,DH,13.522661228958958,8.0,normal,-9.8,,D,-0.8370187513298014
berthoud1,0.208,-0.5665471133887217,10.456446472288508,DH,18.45644647228851,8.0,normal,-9.8,-1.0,D,-0.8370187513298014
berthoud1,0.208,-0.5448744690581576,10.056446472288508,DH,18.45644647228851,8.4,normal,-9.8,-1.0,D,-0.7993424708771757
berthoud1,0.192,-0.30253658411195283,4.164162795229588,DH,13.764162795229588,9.6,normal,-9.8,-1.0,D,-0.6863136295192985
berthoud1,0.192,-0.31706707194295375,4.364162795229587,DH,13.764162795229588,9.4,normal,-9.8,-1.0,D,-0.7051517697456113
berthoud1,0.176,-0.42714152082946566,7.754571116863966,DH,18.154571116863966,10.4,normal,-9.8,,D,-0.610961068614047
berthoud1,0.176,-0.5207818491554185,9.454571116863967,DH,18.154571116863966,8.7,normal,-9.8,,D,-0.7710852605377065
berthoud1,0.16,-0.5922978840774578,12.203277912827618,DH,20.603277912827618,8.4,normal,-9.8,,D,-0.7993424708771757
berthoud1,0.16,-0.5534691111324538,11.403277912827619,DH,20.603277912827618,9.2,normal,-9.8,,D,-0.7239899099719244
berthoud1,0.144,-0.5372592763718128,11.029855089290265,DH,20.529855089290265,9.5,normal,-9.8,,D,-0.695732699632455
berthoud1,0.144,-0.5713559612707317,11.729855089290265,DH,20.529855089290265,8.8,normal,-9.8,,D,-0.76166619042455
berthoud1,0.128,-0.3812317273846807,6.345973065919274,DH,16.645973065919275,10.3,normal,-9.8,-1.5,D,-0.6203801387272034
berthoud1,0.128,-0.37522426842725043,6.245973065919275,DH,16.645973065919275,10.4,normal,-9.8,-1.5,D,-0.610961068614047
berthoud1,0.112,-0.7671042246116089,14.49257111968774,DH,18.89257111968774,4.4,mixed,-9.8,-1.5,D,-1.176105275403433
berthoud1,0.112,-0.47069141957183847,8.89257111968774,DH,18.89257111968774,10.0,mixed,-9.8,-1.5,D,-0.6486373490666728
berthoud1,0.096,-0.5285368794456133,9.416876090164935,DH,17.816876090164936,8.4,mixed,-9.8,,D,-0.7993424708771757
berthoud1,0.096,-0.5229242232485374,9.316876090164936,DH,17.816876090164936,8.5,mixed,-9.8,,D,-0.7899234007640192
berthoud1,0.064,-0.3156484234861363,4.520124825198632,IF,14.320124825198633,9.8,mixed,-9.8,,D,-0.6674754892929856
berthoud1,0.064,-0.3086652441339541,4.4201248251986325,IF,14.320124825198633,9.9,mixed,-9.8,,D,-0.6580564191798292
berthoud1,0.048,-0.11145161727039674,1.2919405180375225,IF,11.591940518037523,10.3,normal,-9.8,-0.2,D,-0.6203801387272034
berthoud1,0.048,-0.07694488396050936,0.8919405180375239,IF,11.591940518037523,10.7,normal,-9.8,-0.2,D,-0.5827038582745778
berthoud1,0.032,0.33150198878500275,3.3859709451804747,IF,10.214029054819525,13.6,normal,-9.8,-0.2,D,-0.30955082499304126
bogus1,1.0,-0.11134414395859833,0.613945546735601,RG,5.513945546735601,4.9,shaved,4.0,-0.1,VW,-1.1290099248376508
bogus1,1.0,0.16069336299285114,0.886054453264399,RG,5.513945546735601,6.4,shaved,4.0,-0.1,VW,-0.9877238731403043
bogus1,0.9523809523809523,0.1088295797962463,0.7950000725193309,RG,7.304999927480669,8.1,crust,4.0,-0.1,VW,-0.8275996812166451
bogus1,0.9523809523809523,0.5468857100861215,3.995000072519332,RG,7.304999927480669,11.3,no crust ?,4.0,-0.1,VW,-0.5261894375956391
bogus1,0.9047619047619048,1.0907771162089723,7.356096075144381,IF,6.743903924855618,14.1,shaved,4.0,-0.1,VW,-0.2624554744272591
bogus1,0.9047619047619048,1.0611207032131005,7.156096075144382,IF,6.743903924855618,13.9,shaved,4.0,-0.1,VW,-0.2812936146535719
bogus1,0.8571428571428571,0.03563259983866625,0.4816924436513883,RG,13.518307556348612,14.0,shaved,4.0,-0.1,VW,-0.2718745445404155
bogus1,0.8571428571428571,0.02083784841239964,0.281692443651389,RG,13.518307556348612,13.8,shaved,4.0,-0.1,VW,-0.2907126847667283
bogus1,0.8095238095238095,0.1868625306285437,2.377380816796636,RG,12.722619183203363,15.1,shaved,4.0,-0.1,VW,-0.16826477329569475
bogus1,0.8095238095238095,0.21830259766506144,2.7773808167966365,RG,12.722619183203363,15.5,shaved,4.0,-0.1,VW,-0.13058849284306898
bogus1,0.7619047619047619,0.14429074528869226,1.7149086838337873,RG,11.885091316166212,13.6,shaved,4.0,-0.1,VW,-0.30955082499304126
bogus1,0.7619047619047619,0.2200158681386793,2.6149086838337876,RG,11.885091316166212,14.5,shaved,4.0,-0.1,VW,-0.2247791939746333
bogus1,0.7142857142857143,0.17610167327513587,2.380760667806335,RG,13.519239332193665,15.9,shaved,4.0,-0.1,VW,-0.09291221239044321
bogus1,0.7142857142857143,0.19829227088410065,2.680760667806334,RG,13.519239332193665,16.2,shaved,4.0,-0.1,VW,-0.06465500205097402
bogus1,0.6666666666666666,0.47516721538690526,5.024927671058329,RG,10.57507232894167,15.6,shaved,4.0,-0.1,VW,-0.12116942272991257
bogus1,0.6666666666666666,0.5035358156828074,5.3249276710583295,RG,10.57507232894167,15.9,shaved,4.0,-0.1,VW,-0.09291221239044321
bogus1,0.6190476190476191,0.07409536496493699,1.0140643936398792,RG,13.68593560636012,14.7,shaved,4.0,-0.1,VW,-0.2059410537483205
bogus1,0.6190476190476191,0.17639016162826449,2.4140643936398813,RG,13.68593560636012,16.1,shaved,4.0,-0.1,VW,-0.07407407216413024
bogus1,0.5714285714285714,0.13802019313782146,1.9162393292554523,RG,13.883760670744548,15.8,shaved,4.0,-0.1,VW,-0.10233128250359962
bogus1,0.5714285714285714,0.13081753368758198,1.8162393292554508,RG,13.883760670744548,15.7,shaved,4.0,-0.1,VW,-0.11175035261675619
bogus1,0.5238095238095238,0.08353967666865576,1.164192825476432,RG,13.935807174523568,15.1,shaved,4.0,-0.1,VW,-0.16826477329569475
bogus1,0.5238095238095238,0.11941847390933973,1.664192825476432,RG,13.935807174523568,15.6,shaved,4.0,-0.1,VW,-0.12116942272991257
bogus1,0.47619047619047616,1.538824951234733,9.576648526982602,RG,6.223351473017399,15.8,shaved,4.0,-0.1,W,-0.10233128250359962
bogus1,0.47619047619047616,1.2977972659909291,8.076648526982602,RG,6.223351473017399,14.3,shaved,4.0,-0.1,W,-0.2436173342009461
bogus1,0.42857142857142855,0.3277898668349678,3.382102309865884,RG,10.317897690134116,13.7,shaved,4.0,-0.1,W,-0.30013175487988486
bogus1,0.42857142857142855,0.36655745418781366,3.782102309865884,RG,10.317897690134116,14.1,shaved,4.0,-0.1,W,-0.2624554744272591
bogus1,0.38095238095238093,0.12096543759241321,1.5970951613038675,RG,13.202904838696133,14.8,shaved,4.0,-0.1,W,-0.19652198363516393
bogus1,0.38095238095238093,0.07552089282515312,0.9970951613038661,RG,13.202904838696133,14.2,shaved,4.0,-0.1,W,-0.2530364043141027
bogus1,0.3333333333333333,-0.031568010466245765,0.3813852975188219,RG,12.081385297518821,11.7,shaved,4.0,-0.1,W,-0.4885131571430135
bogus1,0.3333333333333333,0.042926757959427665,0.5186147024811785,RG,12.081385297518821,12.6,shaved,4.0,-0.1,W,-0.40374152612460557
bogus1,0.23809523809523808,0.025461973162110896,0.29795710220551364,RG,11.702042897794486,12.0,shaved,4.0,-0.1,W,-0.46025594680354415
bogus1,0.23809523809523808,0.034007489605128456,0.3979571022055133,RG,11.702042897794486,12.1,shaved,4.0,-0.1,W,-0.45083687669038774
bogus1,0.19047619047619047,0.03746313429439269,0.48026736531154235,RG,12.819732634688458,13.3,shaved,4.0,-0.1,W,-0.3378080353325104
bogus1,0.19047619047619047,-0.017140188563207006,0.21973263468845872,RG,12.819732634688458,12.6,shaved,4.0,-0.1,W,-0.40374152612460557
bogus1,0.14285714285714285,-0.23501682975112348,3.1029048386961335,RG,13.202904838696133,10.1,shaved,4.0,-0.1,W,-0.6392182789535164
bogus1,0.14285714285714285,-0.10625728624388675,1.4029048386961325,RG,13.202904838696133,11.8,shaved,4.0,-0.1,W,-0.47909408702985695
bogus1,0.14285714285714285,-0.1441277402166034,1.9029048386961325,RG,13.202904838696133,11.3,shaved,4.0,-0.1,W,-0.5261894375956391
bogus1,0.09523809523809523,-0.11108608128399731,1.2496832251705126,RG,11.249683225170513,10.0,shaved,4.0,-0.1,W,-0.6486373490666728
bogus1,0.09523809523809523,-0.29775800421435783,3.349683225170512,RG,11.249683225170513,7.9,shaved,4.0,-0.1,W,-0.8464378214429579
bogus1,0.047619047619047616,0.3223805211209798,2.1940921268480915,RG,6.8059078731519085,9.0,shaved,4.0,-0.1,W,-0.7428280501982372
bogus1,0.047619047619047616,0.42523233943038924,2.894092126848091,RG,6.8059078731519085,9.7,shaved,4.0,-0.1,W,-0.6768945594061422
clebp1,1.0,0.48784245661026093,10.000517770216145,PP,20.499482229783855,30.5,compacted,-4.5,,M,1.282272024130396
clebp1,1.0,0.49759880058803313,10.200517770216145,PP,20.499482229783855,30.7,compacted,-4.5,,M,1.3011101643567087
clebp1,1.0,0.4488170806991721,9.200517770216145,PP,20.499482229783855,29.7,compacted,-4.5,,M,1.2069194632251445
clebp1,1.0,0.5073551445658053,10.400517770216144,PP,20.499482229783855,30.9,compacted,-4.5,,M,1.3199483045830216
clebp1,1.0,0.5073551445658053,10.400517770216144,PP,20.499482229783855,30.9,compacted,-4.5,,M,1.3199483045830216
clebp1,0.8,0.4098871143837191,7.907675300735342,DF,19.292324699264658,27.2,compacted,-4.5,-3.25,D,0.9714427103962336
clebp1,0.8,0.4980050590327015,9.607675300735341,DF,19.292324699264658,28.9,compacted,-4.5,-3.25,D,1.1315669023198929
clebp1,0.8,0.37878666333113714,7.307675300735344,DF,19.292324699264658,26.6,compacted,-4.5,-3.25,D,0.9149282897172952
clebp1,0.8,0.49282165052393795,9.507675300735343,DF,19.292324699264658,28.8,compacted,-4.5,-3.25,D,1.1221478322067366
clebp1,0.8,0.4047037058749555,7.807675300735344,DF,19.292324699264658,27.1,compacted,-4.5,-3.25,D,0.9620236402830774
clebp1,0.6,-0.33973537347943017,7.718163895961329,MFcr,22.71816389596133,15.0,brushed,-4.5,,D,-0.17768384340885116
clebp1,0.6,-0.1944771556449048,4.418163895961328,MFcr,22.71816389596133,18.3,brushed,-4.5,,D,0.1331454703253112
clebp1,0.6,0.012405760664873713,0.2818361040386712,FC,22.71816389596133,23.0,shaved,-4.5,,D,0.5758417656436635
clebp1,0.6,0.02561105319528514,0.5818361040386719,FC,22.71816389596133,23.3,shaved,-4.5,,D,0.6040989759831329
clebp1,0.6,0.021209289018481278,0.4818361040386705,FC,22.71816389596133,23.2,shaved,-4.5,,D,0.5946799058699763
clebp1,0.6,-0.018406588572752847,0.4181638959613281,FC,22.71816389596133,22.3,shaved,-4.5,,D,0.5099082748515685
clebp1,0.4,0.11584866750847919,2.169861578392588,FC,18.73013842160741,20.9,shaved,-4.5,-3.1,D,0.3780412932673783
clebp1,0.4,0.11584866750847919,2.169861578392588,FC,18.73013842160741,20.9,shaved,-4.5,-3.1,D,0.3780412932673783
clebp1,0.4,0.16389956706626072,3.06986157839259,FC,18.73013842160741,21.8,shaved,-4.5,-3.1,D,0.46281292428578635
clebp2,1.0,0.9615992369999151,18.382945255753267,PP,19.117054744246733,37.5,compacted,-1.0,-1.0,M,1.9416069320513463
clebp2,1.0,1.0191394812852461,19.48294525575327,PP,19.117054744246733,38.6,compacted,-1.0,-1.0,M,2.045216703296067
clebp2,1.0,0.8726734049225855,16.682945255753264,PP,19.117054744246733,35.8,compacted,-1.0,-1.0,M,1.7814827401276867
clebp2,0.8,0.15108498262769066,3.294485742745202,DF,21.8055142572548,25.1,compacted,-1.0,-5.0,D,0.7736422380199487
clebp2,0.8,0.12356900694734738,2.6944857427452007,DF,21.8055142572548,24.5,compacted,-1.0,-5.0,D,0.7171278173410099
clebp2,0.8,-0.023182863347816326,0.5055142572547986,DF,21.8055142572548,21.3,compacted,-1.0,-5.0,D,0.41571757372000423
clebp2,0.6,-0.1655018536650245,3.153367667538939,DF,19.05336766753894,15.9,compacted,-1.0,,D,-0.09291221239044321
clebp2,0.6,0.10216736308392986,1.9466323324610606,DF,19.05336766753894,21.0,compacted,-1.0,,D,0.38746036338053486
clebp2,0.6,-0.17599868569439533,3.35336766753894,DF,19.05336766753894,15.7,compacted,-1.0,,D,-0.11175035261675619
clebp2,0.4,0.2803862979547024,5.299454095488805,FCxr,18.900545904511194,24.2,shaved,-1.0,-5.0,D,0.6888706070015407
clebp2,0.4,0.26451374054204074,4.9994540954888045,FCxr,18.900545904511194,23.9,shaved,-1.0,-5.0,D,0.6606133966620713
clebp2,0.4,0.4073667572559953,7.699454095488807,FCxr,18.900545904511194,26.6,shaved,-1.0,-5.0,D,0.9149282897172952
clebp2,0.2,0.041313444682629034,0.7736500238473347,FCxr,18.726349976152665,19.5,shaved,-1.0,,D,0.24617431168318835
clebp2,0.2,0.0039329620529962375,0.07365002384733543,FCxr,18.726349976152665,18.8,shaved,-1.0,,D,0.1802408208910934
clebp2,0.2,-0.07616807215335984,1.4263499761526646,FCxr,18.726349976152665,17.3,shaved,-1.0,,D,0.03895476919374688
clebp3,1.0,0.7126729083702534,15.271506666195233,PP,21.42849333380477,36.7,compacted,-2.5,-5.0,D,1.866254371146095
clebp3,1.0,0.7266729593923534,15.57150666619523,PP,21.42849333380477,37.0,compacted,-2.5,-5.0,D,1.8945115814855642
clebp3,1.0,0.684672806326053,14.671506666195231,PP,21.42849333380477,36.1,compacted,-2.5,-5.0,D,1.8097399504671563
clebp3,0.75,-0.010962025293705324,0.20282847373416502,DF,18.502828473734166,18.3,compacted,-2.5,-5.0,D,0.1331454703253112
clebp3,0.75,0.1673890848992331,3.0971715262658357,DF,18.502828473734166,21.6,compacted,-2.5,-5.0,D,0.44397478405947355
clebp3,0.75,0.026870028383584595,0.4971715262658343,DF,18.502828473734166,19.0,compacted,-2.5,-5.0,D,0.19907896111740617
clebp3,0.5,0.11286577787229317,1.9776712630319366,FCxr,17.522328736968063,19.5,shaved,-2.5,-5.0,D,0.24617431168318835
clebp3,0.5,0.03296772202505168,0.577671263031938,FCxr,17.522328736968063,18.1,shaved,-2.5,-5.0,D,0.11430733009899842
clebp3,0.5,0.015846710057785592,0.27767126303193734,FCxr,17.522328736968063,17.8,shaved,-2.5,-5.0,D,0.08605011975952905
clebp3,0.25,-0.04576783955029162,0.8009821426786345,FCxr,17.500982142678634,16.7,shaved,-2.5,-5.0,D,-0.017559651485191848
clebp3,0.25,0.05708353103710214,0.9990178573213662,FCxr,17.500982142678634,18.5,shaved,-2.5,-5.0,D,0.15198361055162402
clebp3,0.25,-0.051481804582924486,0.9009821426786324,FCxr,17.500982142678634,16.6,shaved,-2.5,-5.0,D,-0.02697872159834808
fraser3,1.0,0.39980096305528645,7.340246950605252,DF,18.359753049394747,25.7,compacted,-12.0,,D,0.8301566586988871
fraser3,0.96875,0.11739106415901394,2.0066111116833554,FCxr,17.093388888316646,19.1,shaved,-12.0,-4.4,D,0.20849803123056274
fraser3,0.9375,0.12322917904231086,2.0515721021919866,FCxr,16.648427897808013,18.7,shaved,-12.0,,D,0.17082175077793682
fraser3,0.90625,0.09757940654318521,1.4758095304634722,FCxr,15.12419046953653,16.6,shaved,-12.0,-4.0,D,-0.02697872159834808
fraser3,0.875,0.035859899383408535,0.5123535636338072,FCxr,14.287646436366193,14.8,shaved,-12.0,,D,-0.19652198363516393
fraser3,0.84375,0.13074481615165653,1.7228447416542494,FCxr,13.177155258345751,14.9,shaved,-12.0,-3.6,D,-0.18710291352200753
fraser3,0.8125,-0.0016071130516086126,0.01996028026687746,FCxr,12.419960280266878,12.4,shaved,-12.0,,D,-0.42257966635091837
fraser3,0.78125,0.12987604000399247,1.5862707842258192,FCxr,12.213729215774181,13.8,shaved,-12.0,-3.1,D,-0.2907126847667283
fraser3,0.75,0.03935635119230152,0.4884724375795493,FCxr,12.411527562420451,12.9,shaved,-12.0,,D,-0.3754843157851362
fraser3,0.71875,-0.025208559006302388,0.32066975409581033,FCxr,12.72066975409581,12.4,shaved,-12.0,-2.7,D,-0.42257966635091837
fraser3,0.6875,-0.07136035037504422,0.9298119457711671,FCxr,13.029811945771167,12.1,shaved,-12.0,,D,-0.45083687669038774
fraser3,0.65625,-0.14742645207455282,1.9539885004596957,FCxr,13.253988500459696,11.3,shaved,-12.0,-2.5,D,-0.5261894375956391
fraser3,0.625,-0.10076585761777122,1.3671005192041115,FCxr,13.56710051920411,12.2,shaved,-12.0,,D,-0.44141780657723134
fraser3,0.5625,-0.009997114263589861,0.12319640252873931,FCxr,12.323196402528739,12.2,shaved,-12.0,,D,-0.44141780657723134
fraser3,0.53125,0.028918327858994,0.34288785642865527,FCxr,11.857112143571344,12.2,shaved,-12.0,-2.0,D,-0.44141780657723134
fraser3,0.5,0.012941984659447986,0.15076423062158817,FCxr,11.649235769378413,11.8,shaved,-12.0,,D,-0.47909408702985695
fraser3,0.46875,0.005858738504347784,0.0716427474802579,FCxr,12.228357252519743,12.3,shaved,-12.0,-1.8,D,-0.4319987364640748
fraser3,0.4375,-0.09598694257464419,1.3166160357411272,FCxr,13.716616035741128,12.4,shaved,-12.0,,D,-0.42257966635091837
fraser3,0.40625,-0.0798800249736249,1.0591404720349527,FCxr,13.259140472034952,12.2,shaved,-12.0,-1.8,D,-0.44141780657723134
fraser3,0.375,0.1742175386848389,2.1661881048442986,FCxr,12.433811895155701,14.6,shaved,-12.0,,D,-0.2153601238614769
fraser3,0.34375,-0.35104423305117977,6.437151168175829,FCxr,18.33715116817583,11.9,shaved,-12.0,-1.7,D,-0.46967501691670055
fraser3,0.3125,-0.09734532788063233,1.197061481926422,FCxr,12.297061481926422,11.1,shaved,-12.0,,D,-0.5450275778219521
fraser3,0.28125,-0.3875993016882036,6.898804002098634,FCxr,17.798804002098635,10.9,shaved,-12.0,-1.7,D,-0.5638657180482649
fraser3,0.25,-0.3156571177091902,5.07381370458322,FC,16.07381370458322,11.0,shaved,-12.0,,D,-0.5544466479351084
fraser3,0.21875,-0.2748776459526978,3.9803148618902586,FC,14.480314861890259,10.5,shaved,-12.0,-1.5,D,-0.6015419985008906
fraser3,0.1875,-0.2017646851019881,2.603463186561722,FC,12.903463186561723,10.3,shaved,-12.0,,D,-0.6203801387272034
fraser3,0.15625,-0.24096188928434864,2.857112143571344,FC,11.857112143571344,9.0,shaved,-12.0,-1.3,D,-0.7428280501982372
fraser3,0.125,-0.058685780775216564,0.723196402528739,FC,12.323196402528739,11.6,shaved,-12.0,,D,-0.4979322272561699
fraser3,0.09375,-0.4666583299082909,8.487215707957091,FC,18.18721570795709,9.7,shaved,-12.0,-1.2,D,-0.6768945594061422
lasal1,1.0,1.3427252837869275,15.818849136512654,RG,11.781150863487348,27.6,shaved,-0.8,-4.3,M,1.0091189908488596
lasal1,0.9607843137254902,0.2661735675252982,5.802040614428993,RG,21.79795938557101,27.6,shaved,-0.8,-4.3,M,1.0091189908488596
lasal1,0.9411764705882353,1.5729308678525185,18.829215870185024,RG,11.970784129814975,30.8,shaved,-0.8,,M,1.3105292344698654
lasal1,0.9019607843137255,0.25873797300170365,5.796608186252094,RG,22.403391813747906,28.2,shaved,-0.8,,M,1.065633411527798
lasal1,0.8823529411764706,0.2756420348716073,6.244741541925773,RG,22.655258458074226,28.9,shaved,-0.8,-3.4,M,1.1315669023198929
lasal1,0.8627450980392157,0.27474320739647723,6.358084178184793,RG,23.141915821815207,29.5,shaved,-0.8,,M,1.1880813229988316
lasal1,0.8431372549019608,0.25507296289379017,6.300240769648898,RG,24.699759230351102,31.0,shaved,-0.8,,M,1.329367374696178
lasal1,0.8235294117647058,1.173373043208088,16.520502651108742,RG,14.079497348891259,30.6,shaved,-0.8,,M,1.2916910942435524
lasal1,0.803921568627451,1.8697109648859376,20.19751836358469,RG,10.80248163641531,31.0,shaved,-0.8,,M,1.329367374696178
lasal1,0.7843137254901961,0.7162653056369479,8.93106531390382,RG,12.468934686096178,21.4,shaved,-0.8,-2.3,M,0.4251366438331604
lasal1,0.7647058823529411,-0.1721157207873241,1.8502947253255808,MFcr,10.750294725325581,8.9,stacked,-0.8,,M,-0.7522471203113935
lasal1,0.7450980392156863,-0.2713703137190012,4.878954531572484,MFcr,17.978954531572484,13.1,stacked,-0.8,,M,-0.3566461755588234
lasal1,0.7254901960784313,-0.1439393598362227,2.6398222782399543,MFcr,18.339822278239954,15.7,stacked,-0.8,,M,-0.11175035261675619
lasal1,0.7058823529411765,-0.548862557390863,5.35312528827747,IF,9.75312528827747,4.4,not stacked,-0.8,,M,-1.176105275403433
lasal1,0.7058823529411765,-0.3848125782602677,3.75312528827747,IF,9.75312528827747,6.0,not stacked,-0.8,,M,-1.02540015359293
lasal1,0.6862745098039216,1.5863779066088146,12.941872780429941,FCxr,8.15812721957006,21.1,normal,-0.8,,M,0.3968794334936914
lasal1,0.6862745098039216,1.6844396281863996,13.741872780429938,FCxr,8.15812721957006,21.9,normal,-0.8,-1.3,M,0.4722319943989426
lasal1,0.6568627450980392,-0.3430447510746958,3.602998509087991,MFcr,10.502998509087991,6.9,stacked,-0.8,,M,-0.9406285225745222
lasal1,0.6470588235294118,-0.465031306865788,4.346341317108829,MFcr,9.346341317108829,5.0,stacked,-0.8,,M,-1.1195908547244944
lasal1,0.6274509803921569,-0.018441936771452196,0.15594398430142853,MFcr,8.45594398430143,8.3,stacked,-0.8,,M,-0.808761540990332
lasal1,0.6078431372549019,-0.08016772753817561,0.7146687341743849,MFcr,8.914668734174384,8.2,stacked,-0.8,,M,-0.8181806111034886
lasal1,0.5882352941176471,-0.1106620396345101,1.2318761159496798,FC,11.13187611594968,9.9,normal,-0.8,-1.4,M,-0.6580564191798292
lasal1,0.5686274509803921,-0.007430133556722104,0.08084614003057133,FC,10.880846140030572,10.8,normal,-0.8,,M,-0.5732847881614213
lasal1,0.5490196078431373,0.0329237644492929,0.35699262087234374,FC,10.843007379127656,11.2,normal,-0.8,,M,-0.5356085077087956
lasal1,0.5294117647058824,-0.05790773408599595,0.6638453055571993,FC,11.4638453055572,10.8,normal,-0.8,,M,-0.5732847881614213
lasal1,0.5098039215686274,-0.013286416700073106,0.1535046774913944,FC,11.553504677491395,11.4,normal,-0.8,,M,-0.5167703674824827
lasal1,0.49019607843137253,0.49567479795270236,5.932157776207946,FC,11.967842223792053,17.9,normal,-0.8,-0.1,M,0.09546918987268528
lasal1,0.47058823529411764,-0.04262096984260215,0.4986059305671908,FC,11.69860593056719,11.2,normal,-0.8,-0.1,M,-0.5356085077087956
lasal1,0.45098039215686275,0.07448820884422518,0.8526896444675618,FC,11.447310355532439,12.3,normal,-0.8,-0.1,M,-0.4319987364640748
lasal1,0.43137254901960786,0.05658922565016355,0.6480566087030049,FC,11.451943391296995,12.1,normal,-0.8,-0.1,M,-0.45083687669038774
lasal1,0.4117647058823529,-0.023490510745068766,0.27904483022556725,FC,11.879044830225567,11.6,normal,-0.8,-0.1,M,-0.4979322272561699
lasal1,0.39215686274509803,0.6090833879869506,4.655896473837843,FC,7.644103526162158,12.3,normal,-0.8,-0.1,M,-0.4319987364640748
lasal1,0.37254901960784315,0.44139558056970885,3.827849087022038,FC,8.672150912977962,12.5,normal,-0.8,-0.1,M,-0.41316059623776197
lasal1,0.35294117647058826,0.479667744136117,4.05215753703008,FC,8.44784246296992,12.5,normal,-0.8,-0.1,M,-0.41316059623776197
lasal1,0.3333333333333333,0.4989703114452082,3.99450455531011,FC,8.00549544468989,12.0,normal,-0.8,-0.1,M,-0.46025594680354415
lasal1,0.27450980392156865,-0.05627249242151405,0.5962790314961133,FCxr,10.596279031496113,10.0,normal,-0.8,-0.1,M,-0.6486373490666728
lasal1,0.2549019607843137,0.06476200722408135,0.6933820678663203,FCxr,10.70661793213368,11.4,normal,-0.8,-0.1,M,-0.5167703674824827
lasal1,0.23529411764705882,-0.19101875319115869,2.290389194141687,FCxr,11.990389194141686,9.7,normal,-0.8,-0.1,M,-0.6768945594061422
lasal1,0.21568627450980393,-0.43806452669472323,7.639724782557121,FCxr,17.43972478255712,9.8,normal,-0.8,-0.1,M,-0.6674754892929856
lasal1,0.19607843137254902,-0.5241240741326447,10.903742029933044,FCxr,20.803742029933044,9.9,normal,-0.8,-0.1,M,-0.6580564191798292
lasal1,0.17647058823529413,-0.5939132622554053,13.455258458074226,FCxr,22.655258458074226,9.2,normal,-0.8,-0.1,M,-0.7239899099719244
lasal1,0.1568627450980392,-0.5154607247502667,10.425398642760271,FCxr,20.225398642760272,9.8,normal,-0.8,-0.1,M,-0.6674754892929856
lasal1,0.13725490196078433,0.0005006819327555828,0.005054356895652035,FCxr,10.094945643104348,10.1,normal,-0.8,-0.1,M,-0.6392182789535164
lasal1,0.11764705882352941,-0.20512582564566273,2.4773832006781653,FCxr,12.077383200678165,9.6,normal,-0.8,-0.1,M,-0.6863136295192985
lasal1,0.09803921568627451,-0.06488631104348955,0.6730702635999162,FCxr,10.373070263599915,9.7,normal,-0.8,-0.1,M,-0.6768945594061422
lasal1,0.0784313725490196,0.035186798663042716,0.3569031081531495,FCxr,10.14309689184685,10.5,normal,-0.8,-0.1,M,-0.6015419985008906
lasal1,0.058823529411764705,0.41967811019625384,3.488256714496508,FCxr,8.311743285503493,11.8,normal,-0.8,-0.1,M,-0.47909408702985695
lasal1,0.0392156862745098,-0.011917672270373549,0.1302632957880956,FCxr,10.930263295788096,10.8,normal,-0.8,-0.1,M,-0.5732847881614213
pinecreek1,1.0,-0.14495267926093494,1.8478324715157548,MFcr,12.747832471515755,10.9,stacked,-9.9,,D,-0.5638657180482649
pinecreek1,0.972972972972973,0.3582629916708647,4.958792431741651,FC,13.84120756825835,18.8,normal,-9.9,-6.8,D,0.1802408208910934
pinecreek1,0.9324324324324325,0.12690751590988897,1.4865276753948695,MFcr,11.71347232460513,13.2,stacked,-9.9,-6.8,D,-0.347227105445667
pinecreek1,0.9324324324324325,0.015924199949066648,0.18652767539487058,MFcr,11.71347232460513,11.9,stacked,-9.9,-6.8,D,-0.46967501691670055
pinecreek1,0.9324324324324325,0.3147254352282039,3.6865276753948706,FC,11.71347232460513,15.4,no crust,-9.9,-6.8,D,-0.14000756295622538
pinecreek1,0.8783783783783784,-0.02299697713120001,0.2730441242020021,MFcr,11.873044124202002,11.6,stacked,-9.9,,D,-0.4979322272561699
pinecreek1,0.8648648648648649,0.16421275821775663,1.918286409419137,FC,11.681713590580863,13.6,normal,-9.9,,D,-0.30955082499304126
pinecreek1,0.8243243243243243,0.11003373391811754,1.2985568548799336,FC,11.801443145120066,13.1,normal,-9.9,-4.5,D,-0.3566461755588234
pinecreek1,0.7837837837837838,-0.14321735778879682,1.671571653449682,FC,11.671571653449682,10.0,normal,-9.9,,D,-0.6486373490666728
pinecreek1,0.7432432432432432,-0.06109609185855443,0.774353463450776,FC,12.674353463450776,11.9,normal,-9.9,,D,-0.46967501691670055
pinecreek1,0.6891891891891891,-0.12113756077568247,1.695364292568879,FC,13.99536429256888,12.3,normal,-9.9,-3.1,D,-0.4319987364640748
pinecreek1,0.6486486486486487,-0.18252093173974504,2.47832931872229,FCxr,13.57832931872229,11.1,normal,-9.9,,D,-0.5450275778219521
pinecreek1,0.6081081081081081,0.04387296887826412,0.5127541724641045,FCxr,11.687245827535895,12.2,normal,-9.9,,D,-0.44141780657723134
pinecreek1,0.5675675675675675,-0.15031035022013428,1.910523192553919,FCxr,12.71052319255392,10.8,normal,-9.9,,D,-0.5732847881614213
pinecreek1,0.527027027027027,-0.013614819040039925,0.17805535708230025,FCxr,13.0780553570823,12.9,normal,-9.9,-2.6,D,-0.3754843157851362
pinecreek1,0.4864864864864865,-0.09727154545634457,1.1745058440748224,FCxr,12.074505844074823,10.9,normal,-9.9,,D,-0.5638657180482649
pinecreek1,0.44594594594594594,0.11820010719060876,1.5010207129416209,RG,12.698979287058378,14.2,normal,-9.9,,D,-0.2530364043141027
pinecreek1,0.40540540540540543,-0.26283094356556436,3.42279296208336,RG,13.02279296208336,9.6,normal,-9.9,-2.0,D,-0.6863136295192985
pinecreek1,0.36486486486486486,-0.0336765961669938,0.4635081042686,RG,13.7635081042686,13.3,normal,-9.9,,D,-0.3378080353325104
pinecreek1,0.32432432432432434,-0.36174038325805774,5.100845116821533,RG,14.100845116821533,9.0,shaved,-9.9,,D,-0.7428280501982372
pinecreek1,0.28378378378378377,-0.07260824635438717,0.9630034196963955,RG,13.263003419696396,12.3,shaved,-9.9,-1.5,D,-0.4319987364640748
pinecreek1,0.24324324324324326,-0.037426245434820586,0.4743534634507771,RG,12.674353463450776,12.2,shaved,-9.9,,D,-0.44141780657723134
pinecreek1,0.20270270270270271,0.007843499825962988,0.09416774321662125,RG,12.005832256783378,12.1,shaved,-9.9,,D,-0.45083687669038774
pinecreek1,0.16216216216216217,0.0672724728564466,0.7626889498840193,RG,11.33731105011598,12.1,shaved,-9.9,,D,-0.45083687669038774
pinecreek1,0.08108108108108109,0.011760228183818318,0.149943572938799,RG,12.750056427061201,12.9,shaved,-9.9,,D,-0.3754843157851362
togwotee1,1.0,2.825990099188135,45.20414051960394,PP,15.995859480396062,61.2,compacted,-9.0,-11.6,D,4.173926548869421
togwotee1,0.9642857142857143,1.4502394470676572,22.787249947724426,PP,15.712750052275572,38.5,compacted,-9.0,,D,2.0357976331829106
togwotee1,0.9285714285714286,0.8207385628840813,12.982243081411807,DF,15.817756918588193,28.8,compacted,-9.0,-7.8,D,1.1221478322067366
togwotee1,0.8928571428571429,0.6834378830668116,10.920794428722973,DF,15.979205571277026,26.9,compacted,-9.0,,D,0.9431855000567643
togwotee1,0.8571428571428571,0.6945183354006218,10.328517364763622,DF,14.871482635236378,25.2,compacted,-9.0,-6.2,D,0.7830613081331049
togwotee1,0.8214285714285714,0.5441130985050968,7.3647220334871,FC,13.535277966512899,20.9,normal,-9.0,,D,0.3780412932673783
togwotee1,0.7857142857142857,0.12213123032070096,1.9590954127034976,FC,16.040904587296502,18.0,normal,-9.0,-5.4,D,0.10488825998584185
togwotee1,0.75,0.11160957957722317,1.516094033893662,FC,13.583905966106338,15.1,normal,-9.0,,D,-0.16826477329569475
togwotee1,0.7142857142857143,0.09258606492641541,1.2287342704882835,FC,13.271265729511716,14.5,normal,-9.0,-4.5,D,-0.2247791939746333
togwotee1,0.6785714285714286,0.027646061471522692,0.3685617610576095,FC,13.33143823894239,13.7,normal,-9.0,,D,-0.30013175487988486
togwotee1,0.6428571428571429,0.15894364737935482,2.070893680512711,FCxr,13.029106319487289,15.1,normal,-9.0,-3.8,D,-0.16826477329569475
togwotee1,0.6071428571428571,0.3559109388834955,4.514801063436304,FCxr,12.685198936563696,17.2,normal,-9.0,,D,0.029535699080590318
togwotee1,0.5714285714285714,0.3166109455887695,4.136156001415888,FCxr,13.063843998584112,17.2,normal,-9.0,-3.4,D,0.029535699080590318
togwotee1,0.5357142857142857,0.3323684044306708,4.016255033922372,FCxr,12.08374496607763,16.1,normal,-9.0,,D,-0.07407407216413024
togwotee1,0.5,0.1623042671113448,2.052709255267846,FCxr,12.647290744732153,14.7,normal,-9.0,-3.3,D,-0.2059410537483205
togwotee1,0.4642857142857143,0.1575928602130124,1.8923240046226475,FCxr,12.007675995377353,13.9,normal,-9.0,,D,-0.2812936146535719
togwotee1,0.42857142857142855,0.24122796791393356,3.0512357070182983,FCxr,12.648764292981701,15.7,normal,-9.0,-3.0,D,-0.11175035261675619
togwotee1,0.39285714285714285,0.1814528034892109,2.2576917193931383,FCxr,12.442308280606861,14.7,normal,-9.0,,D,-0.2059410537483205
togwotee1,0.35714285714285715,0.03915712639963846,0.46725211714401027,FCxr,11.93274788285599,12.4,normal,-9.0,-2.5,D,-0.42257966635091837
togwotee1,0.32142857142857145,0.2790283466137026,3.0760066402511566,FCxr,11.023993359748843,14.1,normal,-9.0,,D,-0.2624554744272591
togwotee1,0.2857142857142857,0.12170437592701513,1.182644666521993,FCxr,9.717355333478007,10.9,normal,-9.0,-2.2,D,-0.5638657180482649
togwotee1,0.25,-0.0928876974370903,1.023993359748843,FCxr,11.023993359748843,10.0,normal,-9.0,,D,-0.6486373490666728
togwotee1,0.21428571428571427,0.03683474488469391,0.3765771717277637,FC,10.223422828272236,10.6,normal,-9.0,-1.5,D,-0.5921229283877343
togwotee1,0.17857142857142858,-0.18960823290504608,2.597078932317693,FC,13.697078932317693,11.1,normal,-9.0,,D,-0.5450275778219521
togwotee1,0.14285714285714285,-0.48012151266824593,7.665269197037302,MFcr,15.965269197037303,8.3,stacked,-9.0,-1.8,D,-0.808761540990332
togwotee1,0.10714285714285714,-0.3267212618075794,5.240904587296502,MFcr,16.040904587296502,10.8,not stacked,-9.0,,D,-0.5732847881614213
